{
	"projectTitle":"Customs of Japan",
	"title": "Project Initiation",
	"contentURL": "assets/data/TOC.json",
	"isCourseEnable": "true",
	"duration":"12 Minutes",
	"desktopHelp":"help.png",
	"instructionData" : "<p>Lorem ipsum dolor sit amet, consectetur adipiscing elit. Pellentesque vitae commodo ipsum, scelerisque ultricies dui. Praesent ipsum sem, dignissim quis congue in, malesuada a quam. Etiam rutrum mi vel ipsum cursus, id congue mauris maximus. Nam scelerisque fermentum nisl, non laoreet nibh facilisis interdum. Pellentesque habitant morbi tristique senectus et netus et malesuada fames ac turpis egestas. Present quis vehicula augue. Fusce ante tortor, varius eget mauris vel, euismod vulputate nisi.</p>",
	"resources":[ 
		
	],
	"handouts":[]
}