{
	
	"quePoints" :   [
		{"time":"9","className":"page4_obi","ended":"false"},
		{"time":"10","className":"page4_Tenugui","ended":"false"},	
		{"time":"11","className":"page4_Kinchaku","ended":"false"},	
		{"time":"12","className":"page4_Noshibukuro","ended":"false"},	
		{"time":"13","className":"page4_Fukusa","ended":"false"},	
		{"time":"17","className":"topic_part p","ended":"false"}
	],
	
	"clickableContent" :  [ 
							{
								"popupTitle" : "<p>Obi:</p>",
								"popupContent" : "<p>Obi:</p><ul><li>Is an essential accessory that people cannot do without when wearing a kimono.</li><li>With a <b>sumptuous</b> design or unusual weave is the most popular one with over ten ways to tie it. </li><li>Is worn by men closer to their hip, while women wear obi closer to the chest.</li><li>Women’s obi is wider.</li><li>Long ago wearing a short sword stuck through the obi at the hip conferred an air of dignity on men, but soon it was forbidden.</li><li>Both men and women also keep their fan in their <i>obi</i>.</li></ul>",
								"popupAudio" : "Slide_4A",
								"ccTextSlide" : [
													{"time":"0","text":"One essential accessory that people","ended":"false"},
													{"time":"2","text":"cannot do without when wearing a kimono","ended":"false"},
													{"time":"4","text":"is the obi, or sash.","ended":"false"},
													{"time":"6","text":"Obi with a sumptuous design or unusual","ended":"false"},
													{"time":"8.5","text":"weave is the most popular one with over ","ended":"false"},
													{"time":"10.5","text":"ten ways to tie it.","ended":"false"},
													{"time":"12","text":"Men wear obi closer to the hip,","ended":"false"},
													{"time":"15","text":"while women wear obi closer to the chest.","ended":"false"},
													{"time":"18","text":"Women’s obi is wider than men’s obi.","ended":"false"},
													{"time":"20.5","text":"Long ago wearing a short sword","ended":"false"},
													{"time":"22","text":"stuck through the obi at the hip conferred","ended":"false"},
													{"time":"24","text":"an air of dignity on men, but soon it was","ended":"false"},
													{"time":"27","text":"forbidden, and the sword was","ended":"false"},
													{"time":"28.5","text":"replaced with a folding fan.","ended":"false"},
													{"time":"31","text":"Both men and women also keep their","ended":"false"},
													{"time":"33","text":"fan in their obi.","ended":"false"},
													{"time":"34","text":"&nbsp;","ended":"false"}
								]
							},
							{
								"popupTitle" : "<p>Tenugui:</p>",
								"popupContent" : "<p>Tenugui:</p><ul><li>Is a multipurpose cotton towel.</li><li>Can be used as a headscarf, a hand towel, or a bandage, depending on different situations.</li></ul>",
								"popupAudio" : "Slide_4B",
								"ccTextSlide" : [
													{"time":"0","text":"Tenugui is a multipurpose cotton towel.","ended":"false"},
													{"time":"3","text":"It can be used as a headscarf,","ended":"false"},
													{"time":"5","text":"a hand towel, or a bandage,","ended":"false"},
													{"time":"7","text":"depending on different situations.","ended":"false"},
													{"time":"10","text":"&nbsp;","ended":"false"}
								]
							},
							{
								"popupTitle" : "<p>Kinchaku:</p>",
								"popupContent" :  "<p>Kinchaku:</p><ul><li>Is a small drawstring bag for keeping personal items in.</li><li>Is usually used by younger girls and women.</li></ul>",
								"popupAudio" : "Slide_4C",
								"ccTextSlide" : [
													{"time":"0","text":"Kinchaku is a small drawstring bag","ended":"false"},
													{"time":"2","text":"for keeping personal items in.","ended":"false"},
													{"time":"4","text":"This is usually used by","ended":"false"},
													{"time":"6","text":"younger girls and women.","ended":"false"},
													{"time":"7","text":"&nbsp;","ended":"false"}
								]
							},
							{
								"popupTitle" : "<p>Noshibukuro:</p>",
								"popupContent" :"<p>Noshibukuro:</p><ul><li>Is a gift envelope.</li><li>Is used to put some money in a noshibukuro and present it at the wedding ceremonies.</li></ul>",
								"popupAudio" : "Slide_4D",
								"ccTextSlide" : [
													{"time":"0","text":"Noshibukuro is a gift envelope.","ended":"false"},
													{"time":"3","text":"People put some money in a","ended":"false"},
													{"time":"4","text":"noshibukuro and present it at the wedding","ended":"false"},
													{"time":"6","text":"ceremonies, for the newly married couple.","ended":"false"},
													{"time":"9","text":"&nbsp;","ended":"false"}
								]
							},
							{
								"popupTitle" : "<p>Fukusa:</p>",
								"popupContent" : "<p>Fukusa:</p><ul><li>Is a silk cloth used at tea ceremonies.</li><li>Is also used to wrap the noshibukuro.</li><li>Can be kept in their breast pocket along with a small scented sachet.</li></ul>",
								"popupAudio" : "Slide_4E"	,
								"ccTextSlide" : [
													{"time":"0","text":"Fukusa is a silk cloth used","ended":"false"},
													{"time":"2","text":"at tea ceremonies.","ended":"false"},
													{"time":"4","text":"It is also used to wrap","ended":"false"},
													{"time":"5","text":"the Noshibukuro.","ended":"false"},
													{"time":"7","text":"It can be kept in their","ended":"false"},
													{"time":"8","text":"breast pocket along with a","ended":"false"},
													{"time":"9","text":"small scented sachet.","ended":"false"},
													{"time":"11","text":"&nbsp;","ended":"false"}
								]
							}
	],
	"ccText" : [
					{"time":"0","text":"Let’s now recall our earlier scenario.","ended":"false"},
					{"time":"3","text":"Ms. Yuna has worn the furisode for the New Year party.","ended":"false"},
					{"time":"7","text":"Let’s choose the typical accessories for her kimono.","ended":"false"},
					{"time":"10","text":"Obi, tenugui, kinchaku, noshibukuro,and fukusa are some of the  ","ended":"false"},
					{"time":"15","text":"typical accessories for kimono.","ended":"false"},
					{"time":"17","text":"Click each accessory to learn more.","ended":"false"},
					{"time":"19","text":"&nbsp;","ended":"false"}
	]
}