{
	"ccTextSlide2A" : [
						    {"time":"0","text":"Awesome! You have selected the right kimono for Ms. Yuna.","ended":"false"},
							{"time":"4","text":"Furisode are the style of kimono worn by young unmarried women","ended":"false"},
							{"time":"8","text":"for occasions like a New Year party.","ended":"false"},
							{"time":"10","text":"A furisode is a style of kimono with long sleeves.","ended":"false"},
							{"time":"14","text":"&nbsp;","ended":"false"}
	],
	
	"ccTextSlide2A1" : [						    
							{"time":"0","text":"Furisode are the style of kimono worn by young unmarried women","ended":"false"},
							{"time":"3.5","text":"for occasions like a New Year party.","ended":"false"},
							{"time":"6","text":"A furisode is a style of kimono with long sleeves.","ended":"false"},
							{"time":"10","text":"&nbsp;","ended":"false"}
	],
	
	
	"ccTextSlide2B" : [
						    {"time":"0","text":"Ahh ohh! Ms. Yuna cannot wear","ended":"false"},
							{"time":"3","text":"tomesode, because tomesode is the","ended":"false"},
							{"time":"5","text":"most formal style of kimono and","ended":"false"},
							{"time":"7","text":"usually worn by married or single but","ended":"false"},
							{"time":"9","text":"older women at the occasions such as wedding ceremonies.","ended":"false"},
							{"time":"12","text":"Tomesode has shorter sleeves and relatively subdued pattern, and is the","ended":"false"},
							{"time":"16","text":"most formal of the kimonos.","ended":"false"},
							{"time":"19","text":"&nbsp;","ended":"false"}
	],
	
	
	"ccTextSlide2C" : [
						    {"time":"0","text":"Hmmm… Yukata is a casual everyday wear, usually made of light cotton.","ended":"false"},
							{"time":"6","text":"It is sometimes provided by Japanese inns for sleeping in.","ended":"false"},
							{"time":"10","text":"Originally it was worn when visiting a bathhouse.","ended":"false"},
							{"time":"14","text":"Furisode is the style of kimono worn","ended":"false"},
							{"time":"16","text":"by young unmarried women for parties like new year.","ended":"false"},
							{"time":"18","text":"&nbsp;","ended":"false"}
	],
	
	"ccText" : [
					{"time":"0","text":"Here is the scenario.","ended":"false"},
					{"time":"2","text":"Ms. Yuna, a young and single woman of ","ended":"false"},
					{"time":"4","text":"about twenty years old from abroad,","ended":"false"},
					{"time":"6","text":"is getting late for the New Year party.","ended":"false"},
					{"time":"9","text":"She is planning to wear a kimono for this party.","ended":"false"},
					{"time":"12","text":"Help her pick the right kimono for this occasion.","ended":"false"},
					{"time":"15","text":"Select the right kimono.","ended":"false"},
					{"time":"17","text":"&nbsp;","ended":"false"}
	],
	
	"audioPausePoints" : [
							{"time" : "0.000","ended":"false","action":"stop"},
							{"time" : "0.146","ended":"false","action":"play"},
							{"time" : "1.321","ended":"false","action":"stop"},
							{"time" : "2.132","ended":"false","action":"play"},
							{"time" : "2.766","ended":"false","action":"stop"},
							{"time" : "3.141","ended":"false","action":"play"},
							{"time" : "6.354","ended":"false","action":"stop"},
							{"time" : "6.718","ended":"false","action":"play"},
							{"time" : "8.528","ended":"false","action":"stop"},
							{"time" : "9.391","ended":"false","action":"play"},
							{"time" : "11.908","ended":"false","action":"stop"},
							{"time" : "12.771","ended":"false","action":"play"},
							{"time" : "15.174","ended":"false","action":"stop"},
							{"time" : "16.016","ended":"false","action":"play"},
							{"time" : "17.451","ended":"false","action":"stop"}
	],
	
	
	"audioPausePoints2A" : [
							{"time" : "0.000","ended":"false","action":"stop"},
							{"time" : "0.161","ended":"false","action":"play"},
							{"time" : "0.813","ended":"false","action":"stop"},
							{"time" : "1.661","ended":"false","action":"play"},
							{"time" : "4.161","ended":"false","action":"stop"},
							{"time" : "4.990","ended":"false","action":"play"},
							{"time" : "10.209","ended":"false","action":"stop"},
							{"time" : "11.013","ended":"false","action":"play"},
							{"time" : "14.072","ended":"false","action":"stop"}
	],
	
	"audioPausePoints2A1" : [
							{"time" : "0.000","ended":"false","action":"stop"},
							{"time" : "0.389","ended":"false","action":"play"},
							{"time" : "5.596","ended":"false","action":"stop"},
							{"time" : "6.420","ended":"false","action":"play"},
							{"time" : "9.472","ended":"false","action":"stop"}
							
	
	],
	
	"audioPausePoints2B" : [
							{"time" : "0.000","ended":"false","action":"stop"},
							{"time" : "0.244","ended":"false","action":"play"},
							{"time" : "0.861","ended":"false","action":"stop"},
							{"time" : "1.700","ended":"false","action":"play"},
							{"time" : "3.347","ended":"false","action":"stop"},
							{"time" : "3.740","ended":"false","action":"play"},
							{"time" : "11.763","ended":"false","action":"stop"},
							{"time" : "12.602","ended":"false","action":"play"},
							{"time" : "15.747","ended":"false","action":"stop"},
							{"time" : "16.119","ended":"false","action":"play"},
							{"time" : "18.042","ended":"false","action":"stop"}
	
	],
	
	"audioPausePoints2C" : [
							{"time" : "0.000","ended":"false","action":"stop"},
							{"time" : "0.274","ended":"false","action":"play"},
							{"time" : "0.744","ended":"false","action":"stop"},
							{"time" : "1.591","ended":"false","action":"play"},
							{"time" : "3.636","ended":"false","action":"stop"},
							{"time" : "4.051","ended":"false","action":"play"},
							{"time" : "5.595","ended":"false","action":"stop"},
							{"time" : "6.418","ended":"false","action":"play"},
							{"time" : "9.575","ended":"false","action":"stop"},
							{"time" : "10.398","ended":"false","action":"play"},
							{"time" : "12.984","ended":"false","action":"stop"}
	]
	
	
	
	
	
	
	
	
	
	
	
	
	
	
	
	
	
	
}