{
	"ccTextSlide3A" :  [
					{"time":"0","text":"Absolutely! Formal wear for occasions","ended":"false"},
					{"time":"3","text":"such as wedding ceremonies and funerals","ended":"false"},
					{"time":"5","text":"is imprinted with the family crest, called a kamon.","ended":"false"},
					{"time":"9","text":"This can be on the back, sleeves,","ended":"false"},
					{"time":"11","text":"or chest and the greater the number","ended":"false"},
					{"time":"13","text":"(1, 3, or 5) imprinted indicates a higher social status.","ended":"false"},
					{"time":"17","text":"&nbsp;","ended":"false"}
	],
	
	"ccTextSlide3B" :  [
					{"time":"0","text":"Hmmm… This item does not represent ","ended":"false"},
					{"time":"3","text":"the family status of Mr. and Mrs. Tanaka.","ended":"false"},
					{"time":"6","text":"Formal wear for occasions such as","ended":"false"},
					{"time":"8","text":"wedding ceremonies and funerals","ended":"false"},
					{"time":"9.5","text":"is imprinted with the family crest, called a kamon.","ended":"false"},
					{"time":"13","text":"This can be on the back,","ended":"false"},
					{"time":"15","text":"sleeves, or chest and the greater","ended":"false"},
					{"time":"17","text":"the number (1, 3, or 5) imprinted","ended":"false"},
					{"time":"20","text":"indicates a higher social status.","ended":"false"},
					{"time":"22","text":"&nbsp;","ended":"false"}
	],
	
	"ccText" : [
					{"time":"0","text":"Here is another scenario.","ended":"false"},
					{"time":"2","text":"Mr. and Mrs. Tanaka are getting ready","ended":"false"},
					{"time":"4","text":"to attend their niece’s wedding ceremony.","ended":"false"},
					{"time":"7","text":"Mr. Tanaka has chosen haori and Mrs. Tanaka has chosen plain black","ended":"false"},
					{"time":"11.5","text":"tomesode for this occasion.","ended":"false"},
					{"time":"14","text":"There is something that is used to","ended":"false"},
					{"time":"15","text":"decorate and represent an individual or family.","ended":"false"},
					{"time":"19","text":"Drag the item that represents the","ended":"false"},
					{"time":"20","text":"family status of Mr. and Mrs. Tanaka.","ended":"false"},
					{"time":"23","text":"&nbsp;","ended":"false"}
	],
	
	"audioPausePoints" : [
							{"time" : "0.000","ended":"false","action":"stop"},
							{"time" : "0.161","ended":"false","action":"play"},
							{"time" : "1.543","ended":"false","action":"stop"},
							{"time" : "2.348","ended":"false","action":"play"},
							{"time" : "6.520","ended":"false","action":"stop"},
							{"time" : "7.325","ended":"false","action":"play"},
							{"time" : "13.080","ended":"false","action":"stop"},
							{"time" : "13.925","ended":"false","action":"play"},
							{"time" : "17.896","ended":"false","action":"stop"},
							{"time" : "18.741","ended":"false","action":"play"},
							{"time" : "22.739","ended":"false","action":"stop"}
	],
	
	
	"audioPausePoints3A" : [
							{"time" : "0.000","ended":"false","action":"stop"},
							{"time" : "0.168","ended":"false","action":"play"},
							{"time" : "0.922","ended":"false","action":"stop"},
							{"time" : "1.782","ended":"false","action":"play"},
							{"time" : "6.981","ended":"false","action":"stop"},
							{"time" : "7.400","ended":"false","action":"play"},
							{"time" : "8.270","ended":"false","action":"stop"},
							{"time" : "9.088","ended":"false","action":"play"},
							{"time" : "12.736","ended":"false","action":"stop"},
							{"time" : "13.165","ended":"false","action":"play"},
							{"time" : "14.696","ended":"false","action":"stop"},
							{"time" : "15.073","ended":"false","action":"play"},
							{"time" : "17.631","ended":"false","action":"stop"}
	],
	
	
	"audioPausePoints3B" : [
							{"time" : "0.000","ended":"false","action":"stop"},
							{"time" : "0.184","ended":"false","action":"play"},
							{"time" : "0.655","ended":"false","action":"stop"},
							{"time" : "1.468","ended":"false","action":"play"},
							{"time" : "5.558","ended":"false","action":"stop"},
							{"time" : "6.370","ended":"false","action":"play"},
							{"time" : "11.574","ended":"false","action":"stop"},
							{"time" : "11.980","ended":"false","action":"play"},
							{"time" : "12.872","ended":"false","action":"stop"},
							{"time" : "13.671","ended":"false","action":"play"},
							{"time" : "17.368","ended":"false","action":"stop"},
							{"time" : "17.748","ended":"false","action":"play"},
							{"time" : "19.295","ended":"false","action":"stop"},
							{"time" : "19.675","ended":"false","action":"play"},
							{"time" : "22.191","ended":"false","action":"stop"}
	]
	
}