{
	"ccText" : [
					{"time":"0","text":"Hi! I am Mei.","ended":"false"},
					{"time":"2","text":"We are here today to identify the","ended":"false"},
					{"time":"4","text":"different types of Kimonos and the accessories.","ended":"false"},
					{"time":"7","text":"Kimono refers to the Japanese traditional wear.","ended":"false"},
					{"time":"11","text":"The word 'kimono' ordinarily means clothing, ","ended":"false"},
					{"time":"13.5","text":"but it is sometimes used to mean traditional Japanese wear.","ended":"false"},
					{"time":"18","text":"The word kimono is used in English, especially to refer to women’s wear.","ended":"false"},
					{"time":"23","text":"You will go through a few scenarios and","ended":"false"},
					{"time":"25","text":"identify the best suitable kimono for each occasion.","ended":"false"},
					{"time":"27.5","text":"Let’s get started!","ended":"false"},
					{"time":"30","text":"&nbsp;","ended":"false"}
	],
	
	"audioPausePoints" : [
							{"time" : "0.000","ended":"false","action":"stop"},
							{"time" : "0.244","ended":"false","action":"play"},
							{"time" : "0.609","ended":"false","action":"stop"},
							{"time" : "1.400","ended":"false","action":"play"},
							{"time" : "2.018","ended":"false","action":"stop"},
							{"time" : "2.853","ended":"false","action":"play"},
							{"time" : "7.184","ended":"false","action":"stop"},
							{"time" : "8.036","ended":"false","action":"play"},
							{"time" : "10.698","ended":"false","action":"stop"},
							{"time" : "11.515","ended":"false","action":"play"},
							{"time" : "13.812","ended":"false","action":"stop"},
							{"time" : "14.264","ended":"false","action":"play"},
							{"time" : "17.256","ended":"false","action":"stop"},
							{"time" : "18.073","ended":"false","action":"play"},
							{"time" : "20.109","ended":"false","action":"stop"},
							{"time" : "20.474","ended":"false","action":"play"},
							{"time" : "22.457","ended":"false","action":"stop"},
							{"time" : "23.240","ended":"false","action":"play"},
							{"time" : "28.093","ended":"false","action":"stop"},
							{"time" : "28.928","ended":"false","action":"play"},
							{"time" : "29.884","ended":"false","action":"stop"}
	]
}