{
	"ccText" : [
					{"time":"0","text":"Congratulations!","ended":"false"},
					{"time":"2","text":"You have completed this module on Kimonos and Accessories.","ended":"false"},
					{"time":"5","text":"&nbsp;","ended":"false"}
	],
	
	"audioPausePoints" : [
							{"time" : "0.000","ended":"false","action":"stop"},
							{"time" : "0.182","ended":"false","action":"play"},
							{"time" : "1.536","ended":"false","action":"stop"},
							{"time" : "2.382","ended":"false","action":"play"},
							{"time" : "5.588","ended":"false","action":"stop"}
	]
}